date;sku;error
2023-01-26 17:14:25;22SKV031;notFound
2023-01-26 17:14:31;170408H800;notFound
2023-01-26 17:25:26;S5132008-S;notFound
2023-01-26 17:25:26;S5132016-S;notFound
2023-01-26 17:25:34;016-21101727;notFound
2023-01-26 17:27:53;016-20370927;notFound

2023-01-30 09:44:50;22SKV031;notFound
2023-01-30 09:44:50;170408H800;notFound
2023-01-30 09:49:43;S5132008-S;notFound
2023-01-30 09:49:43;S5132016-S;notFound
2023-01-30 09:49:50;016-21101727;notFound
2023-01-30 09:52:13;016-20370927;notFound
2023-01-30 10:04:57;22SKV031;notFound
2023-01-30 10:04:57;170408H800;notFound
2023-01-30 10:05:11;S5132008-S;notFound
2023-01-30 10:05:11;S5132016-S;notFound
2023-01-30 10:05:11;016-21101727;notFound
2023-01-30 10:05:11;016-20370927;notFound
2023-01-31 10:37:53;22SKV031;notFound
2023-01-31 10:37:56;170408H800;notFound
2023-01-31 10:42:39;S5132008-S;notFound
2023-01-31 10:42:39;S5132016-S;notFound
2023-01-31 10:42:39;016-21101727;notFound
2023-01-31 10:44:08;016-20370927;notFound
2023-02-02 15:39:25;22SKV031;notFound
2023-02-02 15:39:27;170408H800;notFound
2023-02-02 15:44:05;S5132008-S;notFound
2023-02-02 15:44:05;S5132016-S;notFound
2023-02-02 15:44:05;016-21101727;notFound
2023-02-02 15:45:33;016-20370927;notFound
2023-02-07 10:25:04;22SKV031;notFound
2023-02-07 10:25:08;170408H800;notFound
2023-02-07 10:31:23;S5132008-S;notFound
2023-02-07 10:31:23;S5132016-S;notFound
2023-02-07 10:31:30;016-21101727;notFound
2023-02-07 10:33:29;016-20370927;notFound
2023-02-07 10:46:00;BKS-RE-002;notFound
2023-02-07 10:47:36;RM4014EW;notFound
2023-02-07 11:47:19;22SKV031;notFound
2023-02-07 11:51:24;22SKV031;notFound
2023-02-07 11:52:31;22SKV031;notFound
2023-02-07 14:59:33;22SKV031;notFound
2023-02-07 15:05:15;22SKV031;notFound
2023-02-09 10:33:20;22SKV031;notFound
2023-02-09 10:33:21;170408H800;notFound
2023-02-09 10:33:21;S5132008-S;notFound
2023-02-09 10:33:21;S5132016-S;notFound
2023-02-09 10:33:21;016-21101727;notFound
2023-02-09 10:33:21;016-20370927;notFound
2023-02-09 10:33:22;BKS-RE-002;notFound
2023-02-09 10:33:22;RM4014EW;notFound
2023-02-10 10:54:46;22SKV031;notFound
2023-02-10 10:54:46;170408H800;notFound
2023-02-10 10:54:46;S5132008-S;notFound
2023-02-10 10:54:46;S5132016-S;notFound
2023-02-10 10:54:46;016-21101727;notFound
2023-02-10 10:54:46;016-20370927;notFound
2023-02-10 10:54:47;BKS-RE-002;notFound
2023-02-10 10:54:47;RM4014EW;notFound
2023-02-13 10:36:25;22SKV031;notFound
2023-02-13 10:36:25;170408H800;notFound
2023-02-13 10:36:25;S5132008-S;notFound
2023-02-13 10:36:25;S5132016-S;notFound
2023-02-13 10:36:25;016-21101727;notFound
2023-02-13 10:36:25;016-20370927;notFound
2023-02-13 10:36:26;BKS-RE-002;notFound
2023-02-13 10:36:26;RM4014EW;notFound
2023-02-15 18:12:31;22SKV031;notFound
2023-02-15 18:12:31;170408H800;notFound
2023-02-15 18:12:31;VITOA6393370310;notFound
2023-02-15 18:12:31;S5132008-S;notFound
2023-02-15 18:12:31;S5132016-S;notFound
2023-02-15 18:12:31;016-21101727;notFound
2023-02-15 18:12:31;016-20370927;notFound
2023-02-15 18:12:32;BKS-RE-002;notFound
2023-02-15 18:12:32;RM4014EW;notFound
2023-02-17 09:44:51;22SKV031;notFound
2023-02-17 09:44:51;170408H800;notFound
2023-02-17 09:44:51;VITOA6393370310;notFound
2023-02-17 09:44:51;S5132008-S;notFound
2023-02-17 09:44:51;S5132016-S;notFound
2023-02-17 09:44:51;016-21101727;notFound
2023-02-17 09:44:51;016-20370927;notFound
2023-02-17 09:44:52;BKS-RE-002;notFound
2023-02-17 09:44:52;RM4014EW;notFound
2023-02-17 11:31:09;22SKV031;notFound
2023-02-17 11:31:09;170408H800;notFound
2023-02-17 11:31:09;VITOA6393370310;notFound
2023-02-17 11:31:09;S5132008-S;notFound
2023-02-17 11:31:09;S5132016-S;notFound
2023-02-17 11:31:09;016-21101727;notFound
2023-02-17 11:31:09;016-20370927;notFound
2023-02-17 11:31:10;BKS-RE-002;notFound
2023-02-17 11:31:10;RM4014EW;notFound
2023-02-17 11:37:46;22SKV031;notFound
2023-02-17 11:37:47;170408H800;notFound
2023-02-17 11:37:47;VITOA6393370310;notFound
2023-02-17 11:37:47;S5132008-S;notFound
2023-02-17 11:37:47;S5132016-S;notFound
2023-02-17 11:37:47;016-21101727;notFound
2023-02-17 11:37:47;016-20370927;notFound
2023-02-17 11:37:48;BKS-RE-002;notFound
2023-02-17 11:37:48;RM4014EW;notFound
2023-02-20 12:11:59;22SKV031;notFound
2023-02-20 12:11:59;170408H800;notFound
2023-02-20 12:11:59;VITOA6393370310;notFound
2023-02-20 12:12:00;S5132008-S;notFound
2023-02-20 12:12:00;S5132016-S;notFound
2023-02-20 12:12:00;016-21101727;notFound
2023-02-20 12:12:00;016-20370927;notFound
2023-02-20 12:12:01;BKS-RE-002;notFound
2023-02-20 12:12:01;RM4014EW;notFound
2023-02-21 09:51:56;22SKV031;notFound
2023-02-21 09:51:56;170408H800;notFound
2023-02-21 09:51:57;VITOA6393370310;notFound
2023-02-21 09:51:57;S5132008-S;notFound
2023-02-21 09:51:57;S5132016-S;notFound
2023-02-21 09:51:57;016-21101727;notFound
2023-02-21 09:51:57;016-20370927;notFound
2023-02-21 09:51:58;BKS-RE-002;notFound
2023-02-21 09:51:58;RM4014EW;notFound
2023-02-22 09:29:07;22SKV031;notFound
2023-02-22 09:29:07;170408H800;notFound
2023-02-22 09:29:07;VITOA6393370310;notFound
2023-02-22 09:29:07;S5132008-S;notFound
2023-02-22 09:29:07;S5132016-S;notFound
2023-02-22 09:29:07;016-21101727;notFound
2023-02-22 09:29:07;016-20370927;notFound
2023-02-22 09:29:08;BKS-RE-002;notFound
2023-02-22 09:29:08;RM4014EW;notFound
2023-02-23 11:52:33;22SKV031;notFound
2023-02-23 11:52:33;170408H800;notFound
2023-02-23 11:52:33;VITOA6393370310;notFound
2023-02-23 11:52:34;S5132008-S;notFound
2023-02-23 11:52:34;S5132016-S;notFound
2023-02-23 11:52:34;016-21101727;notFound
2023-02-23 11:52:34;016-20370927;notFound
2023-02-23 11:52:35;BKS-RE-002;notFound
2023-02-23 11:52:35;RM4014EW;notFound
2023-02-24 09:45:19;22SKV031;notFound
2023-02-24 09:45:19;170408H800;notFound
2023-02-24 09:45:19;VITOA6393370310;notFound
2023-02-24 09:45:20;S5132008-S;notFound
2023-02-24 09:45:20;S5132016-S;notFound
2023-02-24 09:45:20;016-21101727;notFound
2023-02-24 09:45:20;016-20370927;notFound
2023-02-24 09:45:21;BKS-RE-002;notFound
2023-02-24 09:45:21;RM4014EW;notFound
2023-02-24 09:45:25;22SKV031;notFound
2023-02-24 15:33:16;22SKV031;notFound
2023-02-24 15:33:16;170408H800;notFound
2023-02-24 15:33:16;VITOA6393370310;notFound
2023-02-24 15:33:16;S5132008-S;notFound
2023-02-24 15:33:16;S5132016-S;notFound
2023-02-24 15:33:16;016-21101727;notFound
2023-02-24 15:33:16;016-20370927;notFound
2023-02-24 15:33:17;BKS-RE-002;notFound
2023-02-24 15:33:17;RM4014EW;notFound
2023-02-24 15:33:21;22SKV031;notFound
2023-02-27 17:13:59;22SKV031;notFound
2023-02-27 17:13:59;170408H800;notFound
2023-02-27 17:13:59;VITOA6393370310;notFound
2023-02-27 17:13:59;S5132008-S;notFound
2023-02-27 17:13:59;S5132016-S;notFound
2023-02-27 17:13:59;016-21101727;notFound
2023-02-27 17:13:59;016-20370927;notFound
2023-02-27 17:14:00;BKS-RE-002;notFound
2023-02-27 17:14:00;RM4014EW;notFound
2023-02-27 17:14:05;22SKV031;notFound
2023-02-27 17:14:05;22SKV031;notFound
2023-02-27 17:14:05;170408H800;notFound
2023-02-27 17:14:05;VITOA6393370310;notFound
2023-02-27 17:14:06;S5132008-S;notFound
2023-02-27 17:14:06;S5132016-S;notFound
2023-02-27 17:14:06;016-21101727;notFound
2023-02-27 17:14:06;016-20370927;notFound
2023-02-27 17:14:07;BKS-RE-002;notFound
2023-02-27 17:14:07;RM4014EW;notFound
2023-02-27 17:14:11;22SKV031;notFound
2023-02-28 12:05:31;22SKV031;notFound
2023-02-28 12:05:31;170408H800;notFound
2023-02-28 12:05:31;VITOA6393370310;notFound
2023-02-28 12:05:31;S5132008-S;notFound
2023-02-28 12:05:31;S5132016-S;notFound
2023-02-28 12:05:31;016-21101727;notFound
2023-02-28 12:05:31;016-20370927;notFound
2023-02-28 12:05:32;BKS-RE-002;notFound
2023-02-28 12:05:32;RM4014EW;notFound
2023-02-28 12:05:37;22SKV031;notFound
2023-02-28 12:05:37;16SKV267;notFound
2023-03-01 19:52:10;22SKV031;notFound
2023-03-01 19:52:10;170408H800;notFound
2023-03-01 19:52:10;VITOA6393370310;notFound
2023-03-01 19:52:11;S5132008-S;notFound
2023-03-01 19:52:11;S5132016-S;notFound
2023-03-01 19:52:11;016-21101727;notFound
2023-03-01 19:52:11;016-20370927;notFound
2023-03-01 19:52:12;BKS-RE-002;notFound
2023-03-01 19:52:12;RM4014EW;notFound
2023-03-01 19:52:16;22SKV031;notFound
2023-03-01 19:52:17;16SKV267;notFound
2023-03-01 19:52:17;22SKV031;notFound
2023-03-02 09:44:19;22SKV031;notFound
2023-03-02 09:44:19;170408H800;notFound
2023-03-02 09:44:19;VITOA6393370310;notFound
2023-03-05 17:02:50;22SKV031;notFound
2023-03-05 17:02:50;170408H800;notFound
2023-03-05 17:02:50;VITOA6393370310;notFound
2023-03-05 17:02:51;S5132008-S;notFound
2023-03-05 17:02:51;S5132016-S;notFound
2023-03-05 17:02:51;016-21101727;notFound
2023-03-05 17:02:51;016-20370927;notFound
2023-03-05 17:02:52;BKS-RE-002;notFound
2023-03-05 17:02:52;RM4014EW;notFound
2023-03-05 17:02:57;22SKV031;notFound
2023-03-05 17:02:57;16SKV267;notFound
2023-03-05 17:02:57;22SKV031;notFound
2023-03-05 17:13:18;22SKV031;notFound
2023-03-05 17:13:18;170408H800;notFound
2023-03-05 17:13:18;VITOA6393370310;notFound
2023-03-05 17:13:18;S5132008-S;notFound
2023-03-05 17:13:18;S5132016-S;notFound
2023-03-05 17:13:18;016-21101727;notFound
2023-03-05 17:13:18;016-20370927;notFound
2023-03-05 17:13:19;BKS-RE-002;notFound
2023-03-05 17:13:19;RM4014EW;notFound
2023-03-05 17:13:24;22SKV031;notFound
2023-03-05 17:13:24;16SKV267;notFound
2023-03-05 17:13:24;22SKV031;notFound
2023-03-06 09:45:05;22SKV031;notFound
2023-03-06 09:45:05;170408H800;notFound
2023-03-06 09:45:05;VITOA6393370310;notFound
2023-03-06 09:45:06;S5132008-S;notFound
2023-03-06 09:45:06;S5132016-S;notFound
2023-03-06 09:45:06;016-21101727;notFound
2023-03-06 09:45:06;016-20370927;notFound
2023-03-06 09:45:07;BKS-RE-002;notFound
2023-03-06 09:45:07;RM4014EW;notFound
2023-03-06 09:45:11;22SKV031;notFound
2023-03-06 09:45:11;16SKV267;notFound
2023-03-06 09:45:11;22SKV031;notFound
2023-03-06 09:54:13;22SKV031;notFound
2023-03-06 09:54:13;170408H800;notFound
2023-03-06 09:54:13;VITOA6393370310;notFound
2023-03-06 09:54:13;S5132008-S;notFound
2023-03-06 09:54:13;S5132016-S;notFound
2023-03-06 09:54:13;016-21101727;notFound
2023-03-06 09:54:13;016-20370927;notFound
2023-03-06 09:54:14;BKS-RE-002;notFound
2023-03-06 09:54:14;RM4014EW;notFound
2023-03-06 09:54:18;22SKV031;notFound
2023-03-06 09:54:19;16SKV267;notFound
2023-03-06 09:54:19;22SKV031;notFound
2023-03-06 09:58:28;22SKV031;notFound
2023-03-06 09:58:28;170408H800;notFound
2023-03-06 09:58:28;VITOA6393370310;notFound
2023-03-06 09:58:29;S5132008-S;notFound
2023-03-06 09:58:29;S5132016-S;notFound
2023-03-06 09:58:29;016-21101727;notFound
2023-03-06 09:58:29;016-20370927;notFound
2023-03-06 09:58:30;BKS-RE-002;notFound
2023-03-06 09:58:30;RM4014EW;notFound
2023-03-06 09:58:35;22SKV031;notFound
2023-03-06 09:58:35;16SKV267;notFound
2023-03-06 09:58:35;22SKV031;notFound
2023-03-06 10:00:23;22SKV031;notFound
2023-03-06 10:00:23;170408H800;notFound
2023-03-06 10:00:23;VITOA6393370310;notFound
2023-03-06 10:00:23;S5132008-S;notFound
2023-03-06 10:00:23;S5132016-S;notFound
2023-03-06 10:00:23;016-21101727;notFound
2023-03-06 10:00:23;016-20370927;notFound
2023-03-06 10:00:24;BKS-RE-002;notFound
2023-03-06 10:00:24;RM4014EW;notFound
2023-03-06 10:00:29;22SKV031;notFound
2023-03-06 10:00:29;16SKV267;notFound
2023-03-06 10:00:29;22SKV031;notFound
2023-03-07 10:49:49;BKS-RE-002;notFound
2023-03-07 10:54:54;BKS-RE-002;notFound
2023-03-07 11:15:19;BKS-RE-002;notFound
2023-03-07 11:18:12;BKS-RE-002;notFound
2023-03-07 11:19:11;BKS-RE-002;notFound
2023-03-07 11:27:29;22SKV031;notFound
2023-03-07 11:27:29;170408H800;notFound
2023-03-07 11:27:29;VITOA6393370310;notFound
2023-03-07 11:27:30;S5132008-S;notFound
2023-03-07 11:27:30;S5132016-S;notFound
2023-03-07 11:27:30;016-21101727;notFound
2023-03-07 11:27:30;016-20370927;notFound
2023-03-07 11:27:31;BKS-RE-002;notFound
2023-03-07 11:27:31;RM4014EW;notFound
2023-03-07 11:27:35;BKS-AU-001L;notFound
2023-03-07 11:27:35;BKS-AU-001L;notFound
2023-03-07 11:27:35;BKS-AU-001L;notFound
2023-03-07 11:27:35;BKS-AU-001L;notFound
2023-03-07 11:27:35;BKS-AU-001L;notFound
2023-03-07 11:27:35;BKS-AU-001R;notFound
2023-03-07 11:27:35;BKS-AU-001R;notFound
2023-03-07 11:27:35;BKS-AU-001R;notFound
2023-03-07 11:27:35;BKS-AU-001R;notFound
2023-03-07 11:27:35;BKS-AU-001R;notFound
2023-03-07 11:27:35;BKS-AU-001R;notFound
2023-03-07 11:27:35;22SKV031;notFound
2023-03-07 11:27:36;16SKV267;notFound
2023-03-07 11:27:36;22SKV031;notFound
2023-03-08 14:54:33;22SKV031;notFound
2023-03-08 14:54:33;170408H800;notFound
2023-03-08 14:54:33;VITOA6393370310;notFound
2023-03-08 14:54:34;S5132008-S;notFound
2023-03-08 14:54:34;S5132016-S;notFound
2023-03-08 14:54:34;016-21101727;notFound
2023-03-08 14:54:34;016-20370927;notFound
2023-03-08 14:54:35;BKS-RE-002;notFound
2023-03-08 14:54:35;RM4014EW;notFound
2023-03-08 14:54:39;BKS-AU-001L;notFound
2023-03-08 14:54:39;BKS-AU-001L;notFound
2023-03-08 14:54:39;BKS-AU-001L;notFound
2023-03-08 14:54:39;BKS-AU-001L;notFound
2023-03-08 14:54:39;BKS-AU-001L;notFound
2023-03-08 14:54:39;BKS-AU-001R;notFound
2023-03-08 14:54:39;BKS-AU-001R;notFound
2023-03-08 14:54:39;BKS-AU-001R;notFound
2023-03-08 14:54:39;BKS-AU-001R;notFound
2023-03-08 14:54:39;BKS-AU-001R;notFound
2023-03-08 14:54:39;BKS-AU-001R;notFound
2023-03-08 14:54:40;22SKV031;notFound
2023-03-08 14:54:40;16SKV267;notFound
2023-03-08 14:54:40;22SKV031;notFound
2023-03-09 09:38:35;22SKV031;notFound
2023-03-09 09:38:35;170408H800;notFound
2023-03-09 09:38:35;VITOA6393370310;notFound
2023-03-09 09:38:36;S5132008-S;notFound
2023-03-09 09:38:36;S5132016-S;notFound
2023-03-09 09:38:36;016-21101727;notFound
2023-03-09 09:38:36;016-20370927;notFound
2023-03-09 09:38:37;BKS-RE-002;notFound
2023-03-09 09:38:37;RM4014EW;notFound
2023-03-09 09:38:41;BKS-AU-001L;notFound
2023-03-09 09:38:41;BKS-AU-001L;notFound
2023-03-09 09:38:41;BKS-AU-001L;notFound
2023-03-09 09:38:41;BKS-AU-001L;notFound
2023-03-09 09:38:41;BKS-AU-001L;notFound
2023-03-09 09:38:41;BKS-AU-001R;notFound
2023-03-09 09:38:41;BKS-AU-001R;notFound
2023-03-09 09:38:41;BKS-AU-001R;notFound
2023-03-09 09:38:41;BKS-AU-001R;notFound
2023-03-09 09:38:41;BKS-AU-001R;notFound
2023-03-09 09:38:41;BKS-AU-001R;notFound
2023-03-09 09:38:41;22SKV031;notFound
2023-03-09 09:38:42;16SKV267;notFound
2023-03-09 09:38:42;22SKV031;notFound
2023-03-10 15:05:58;BKS-RE-002;notFound
2023-03-10 15:08:05;BKS-RE-002;notFound
2023-03-10 15:53:42;RM4014EW;notFound
2023-03-10 16:09:51;22SKV031;notFound
2023-03-10 16:09:51;170408H800;notFound
2023-03-10 16:09:51;VITOA6393370310;notFound
2023-03-10 16:09:52;S5132008-S;notFound
2023-03-10 16:09:52;S5132016-S;notFound
2023-03-10 16:09:52;016-21101727;notFound
2023-03-10 16:09:52;016-20370927;notFound
2023-03-10 16:09:53;BKS-RE-002;notFound
2023-03-10 16:09:53;RM4014EW;notFound
2023-03-10 16:09:57;BKS-AU-001L;notFound
2023-03-10 16:09:57;BKS-AU-001L;notFound
2023-03-10 16:09:57;BKS-AU-001L;notFound
2023-03-10 16:09:57;BKS-AU-001L;notFound
2023-03-10 16:09:57;BKS-AU-001L;notFound
2023-03-10 16:09:57;BKS-AU-001R;notFound
2023-03-10 16:09:57;BKS-AU-001R;notFound
2023-03-10 16:09:57;BKS-AU-001R;notFound
2023-03-10 16:09:57;BKS-AU-001R;notFound
2023-03-10 16:09:57;BKS-AU-001R;notFound
2023-03-10 16:09:57;BKS-AU-001R;notFound
2023-03-10 16:09:57;22SKV031;notFound
2023-03-10 16:09:58;16SKV267;notFound
2023-03-10 16:09:58;22SKV031;notFound
2023-03-10 16:09:59;016-20370927;notFound
2023-03-10 16:09:59;22SKV031;notFound
2023-03-10 16:09:59;22SKV031;notFound
2023-03-10 16:10:00;S5132016-S;notFound
2023-03-10 16:22:57;BKS-RE-002;notFound
2023-03-10 16:25:51;22SKV031;notFound
2023-03-10 16:25:51;170408H800;notFound
2023-03-10 16:25:51;VITOA6393370310;notFound
2023-03-10 16:25:51;S5132008-S;notFound
2023-03-10 16:25:51;S5132016-S;notFound
2023-03-10 16:25:51;016-21101727;notFound
2023-03-10 16:25:51;016-20370927;notFound
2023-03-10 16:25:52;BKS-RE-002;notFound
2023-03-10 16:25:52;RM4014EW;notFound
2023-03-10 16:25:57;BKS-AU-001L;notFound
2023-03-10 16:25:57;BKS-AU-001L;notFound
2023-03-10 16:25:57;BKS-AU-001L;notFound
2023-03-10 16:25:57;BKS-AU-001L;notFound
2023-03-10 16:25:57;BKS-AU-001L;notFound
2023-03-10 16:25:57;BKS-AU-001R;notFound
2023-03-10 16:25:57;BKS-AU-001R;notFound
2023-03-10 16:25:57;BKS-AU-001R;notFound
2023-03-10 16:25:57;BKS-AU-001R;notFound
2023-03-10 16:25:57;BKS-AU-001R;notFound
2023-03-10 16:25:57;BKS-AU-001R;notFound
2023-03-10 16:25:57;22SKV031;notFound
2023-03-10 16:25:58;16SKV267;notFound
2023-03-10 16:25:58;22SKV031;notFound
2023-03-10 16:25:59;016-20370927;notFound
2023-03-10 16:25:59;22SKV031;notFound
2023-03-10 16:26:00;22SKV031;notFound
2023-03-10 16:26:00;S5132016-S;notFound
2023-03-10 16:27:37;BKS-RE-002;notFound
2023-03-10 16:30:22;BKS-RE-002;notFound
2023-03-10 16:33:26;BKS-RE-002;notFound
2023-03-10 16:34:40;BKS-RE-002;notFound
2023-03-10 16:35:31;BKS-RE-002;notFound
2023-03-10 16:36:30;BKS-RE-002;notFound
2023-03-10 16:46:00;22SKV031;notFound
2023-03-10 16:46:00;170408H800;notFound
2023-03-10 16:46:00;VITOA6393370310;notFound
2023-03-10 16:46:00;S5132008-S;notFound
2023-03-10 16:46:00;S5132016-S;notFound
2023-03-10 16:46:00;016-21101727;notFound
2023-03-10 16:46:01;016-20370927;notFound
2023-03-10 16:46:02;BKS-RE-002;notFound
2023-03-10 16:46:02;RM4014EW;notFound
2023-03-10 16:46:06;BKS-AU-001L;notFound
2023-03-10 16:46:06;BKS-AU-001L;notFound
2023-03-10 16:46:06;BKS-AU-001L;notFound
2023-03-10 16:46:06;BKS-AU-001L;notFound
2023-03-10 16:46:06;BKS-AU-001L;notFound
2023-03-10 16:46:06;BKS-AU-001R;notFound
2023-03-10 16:46:06;BKS-AU-001R;notFound
2023-03-10 16:46:06;BKS-AU-001R;notFound
2023-03-10 16:46:06;BKS-AU-001R;notFound
2023-03-10 16:46:06;BKS-AU-001R;notFound
2023-03-10 16:46:06;BKS-AU-001R;notFound
2023-03-10 16:46:06;22SKV031;notFound
2023-03-10 16:46:06;16SKV267;notFound
2023-03-10 16:46:06;22SKV031;notFound
2023-03-10 16:46:08;016-20370927;notFound
2023-03-10 16:46:08;22SKV031;notFound
2023-03-10 16:46:08;22SKV031;notFound
2023-03-10 16:46:09;S5132016-S;notFound
2023-03-10 17:17:12;BKS-RE-002;notFound
2023-03-10 17:18:51;BKS-RE-002;notFound
2023-03-10 17:19:49;BKS-RE-002;notFound
2023-03-10 17:26:48;22SKV031;notFound
2023-03-10 17:26:48;170408H800;notFound
2023-03-10 17:26:48;VITOA6393370310;notFound
2023-03-10 17:26:48;S5132008-S;notFound
2023-03-10 17:26:48;S5132016-S;notFound
2023-03-10 17:26:48;016-21101727;notFound
2023-03-10 17:26:48;016-20370927;notFound
2023-03-10 17:26:49;BKS-RE-002;notFound
2023-03-10 17:26:49;RM4014EW;notFound
2023-03-10 17:26:54;BKS-AU-001L;notFound
2023-03-10 17:26:54;BKS-AU-001L;notFound
2023-03-10 17:26:54;BKS-AU-001L;notFound
2023-03-10 17:26:54;BKS-AU-001L;notFound
2023-03-10 17:26:54;BKS-AU-001L;notFound
2023-03-10 17:26:54;BKS-AU-001R;notFound
2023-03-10 17:26:54;BKS-AU-001R;notFound
2023-03-10 17:26:54;BKS-AU-001R;notFound
2023-03-10 17:26:54;BKS-AU-001R;notFound
2023-03-10 17:26:54;BKS-AU-001R;notFound
2023-03-10 17:26:54;BKS-AU-001R;notFound
2023-03-10 17:26:54;22SKV031;notFound
2023-03-10 17:26:55;16SKV267;notFound
2023-03-10 17:26:55;22SKV031;notFound
2023-03-10 17:26:56;016-20370927;notFound
2023-03-10 17:26:57;22SKV031;notFound
2023-03-10 17:26:57;22SKV031;notFound
2023-03-10 17:26:57;S5132016-S;notFound
2023-03-10 17:27:54;BKS-RE-002;notFound
2023-03-10 17:35:11;BKS-RE-002;notFound
2023-03-10 17:38:54;BKS-RE-002;notFound
2023-03-10 17:39:49;BKS-RE-002;notFound
2023-03-10 17:41:27;BKS-RE-002;notFound
2023-03-10 17:44:14;BKS-RE-002;notFound
2023-03-10 17:45:02;BKS-RE-002;notFound
2023-03-10 17:45:37;BKS-RE-002;notFound
2023-03-10 17:47:16;BKS-RE-002;notFound
2023-03-10 17:48:36;BKS-RE-002;notFound
2023-03-10 17:51:31;BKS-RE-002;notFound
2023-03-10 17:54:54;BKS-RE-002;notFound
2023-03-10 17:59:07;BKS-RE-002;notFound
2023-03-10 18:11:37;BKS-RE-002;notFound
2023-03-10 18:12:31;BKS-RE-002;notFound
2023-03-10 18:14:00;BKS-RE-002;notFound
2023-03-13 09:34:43;22SKV031;notFound
2023-03-13 09:34:43;170408H800;notFound
2023-03-13 09:34:43;VITOA6393370310;notFound
2023-03-13 09:34:43;S5132008-S;notFound
2023-03-13 09:34:43;S5132016-S;notFound
2023-03-13 09:34:43;016-21101727;notFound
2023-03-13 09:34:43;016-20370927;notFound
2023-03-13 09:34:44;BKS-RE-002;notFound
2023-03-13 09:34:44;RM4014EW;notFound
2023-03-13 09:34:49;BKS-AU-001L;notFound
2023-03-13 09:34:49;BKS-AU-001L;notFound
2023-03-13 09:34:49;BKS-AU-001L;notFound
2023-03-13 09:34:49;BKS-AU-001L;notFound
2023-03-13 09:34:49;BKS-AU-001L;notFound
2023-03-13 09:34:49;BKS-AU-001R;notFound
2023-03-13 09:34:49;BKS-AU-001R;notFound
2023-03-13 09:34:49;BKS-AU-001R;notFound
2023-03-13 09:34:49;BKS-AU-001R;notFound
2023-03-13 09:34:49;BKS-AU-001R;notFound
2023-03-13 09:34:49;BKS-AU-001R;notFound
2023-03-13 09:34:49;22SKV031;notFound
2023-03-13 09:34:50;16SKV267;notFound
2023-03-13 09:34:50;22SKV031;notFound
2023-03-13 09:34:51;016-20370927;notFound
2023-03-13 09:34:51;22SKV031;notFound
2023-03-13 09:34:51;22SKV031;notFound
2023-03-13 09:34:52;S5132016-S;notFound
2023-03-13 09:34:54;16SKV267;notFound
2023-03-13 09:34:55;S5132008-S;notFound
2023-03-13 09:34:55;S5132016-S;notFound
2023-03-13 09:34:56;016-20370927;notFound
2023-03-13 09:34:56;S5132008-S;notFound
2023-03-13 09:34:56;S5132016-S;notFound
2023-03-13 09:34:56;22SKV031;notFound
2023-03-13 09:34:56;S5132008-S;notFound
2023-03-13 09:34:56;S5132016-S;notFound
2023-03-13 09:34:57;22SKV031;notFound
2023-03-13 09:34:57;S5132008-S;notFound
2023-03-13 09:34:57;16SKV267;notFound
2023-03-13 09:34:57;016-20370927;notFound
2023-03-13 09:34:57;016-20370927;notFound
2023-03-13 09:34:58;016-20370927;notFound
2023-03-13 09:34:58;16SKV267;notFound
2023-03-13 09:34:58;S5132008-S;notFound
2023-03-13 09:34:58;22SKV031;notFound
2023-03-13 09:34:58;016-20370927;notFound
2023-03-13 09:34:58;22SKV031;notFound
2023-03-13 09:34:58;16SKV267;notFound
2023-03-13 09:34:58;S5132016-S;notFound
2023-03-13 09:34:59;S5132016-S;notFound
2023-03-13 09:34:59;16SKV267;notFound
2023-03-13 09:34:59;S5132008-S;notFound
2023-03-13 09:34:59;S5132008-S;notFound
2023-03-13 09:34:59;S5132016-S;notFound
2023-03-13 09:34:59;16SKV267;notFound
2023-03-13 10:10:44;22SKV031;notFound
2023-03-13 10:10:44;170408H800;notFound
2023-03-13 10:10:44;VITOA6393370310;notFound
2023-03-13 10:10:45;S5132008-S;notFound
2023-03-13 10:10:45;S5132016-S;notFound
2023-03-13 10:10:45;016-21101727;notFound
2023-03-13 10:10:45;016-20370927;notFound
2023-03-13 10:10:46;BKS-RE-002;notFound
2023-03-13 10:10:46;RM4014EW;notFound
2023-03-13 10:10:51;BKS-AU-001L;notFound
2023-03-13 10:10:51;BKS-AU-001L;notFound
2023-03-13 10:10:51;BKS-AU-001L;notFound
2023-03-13 10:10:51;BKS-AU-001L;notFound
2023-03-13 10:10:51;BKS-AU-001L;notFound
2023-03-13 10:10:51;BKS-AU-001R;notFound
2023-03-13 10:10:51;BKS-AU-001R;notFound
2023-03-13 10:10:51;BKS-AU-001R;notFound
2023-03-13 10:10:51;BKS-AU-001R;notFound
2023-03-13 10:10:51;BKS-AU-001R;notFound
2023-03-13 10:10:51;BKS-AU-001R;notFound
2023-03-13 10:10:51;22SKV031;notFound
2023-03-13 10:10:51;16SKV267;notFound
2023-03-13 10:10:51;22SKV031;notFound
2023-03-13 10:10:53;016-20370927;notFound
2023-03-13 10:10:53;22SKV031;notFound
2023-03-13 10:10:54;22SKV031;notFound
2023-03-13 10:10:54;S5132016-S;notFound
2023-03-13 10:10:57;16SKV267;notFound
2023-03-13 10:10:58;S5132008-S;notFound
2023-03-13 10:10:59;S5132016-S;notFound
2023-03-13 10:10:59;016-20370927;notFound
2023-03-13 10:10:59;S5132008-S;notFound
2023-03-13 10:10:59;S5132016-S;notFound
2023-03-13 10:11:00;22SKV031;notFound
2023-03-13 10:11:00;S5132008-S;notFound
2023-03-13 10:11:00;S5132016-S;notFound
2023-03-13 10:11:00;22SKV031;notFound
2023-03-13 10:11:00;S5132008-S;notFound
2023-03-13 10:11:00;16SKV267;notFound
2023-03-13 10:11:01;016-20370927;notFound
2023-03-13 10:11:01;016-20370927;notFound
2023-03-13 10:11:01;016-20370927;notFound
2023-03-13 10:11:01;16SKV267;notFound
2023-03-13 10:11:02;S5132008-S;notFound
2023-03-13 10:11:02;22SKV031;notFound
2023-03-13 10:11:02;016-20370927;notFound
2023-03-13 10:11:02;22SKV031;notFound
2023-03-13 10:11:02;16SKV267;notFound
2023-03-13 10:11:02;S5132016-S;notFound
2023-03-13 10:11:02;S5132016-S;notFound
2023-03-13 10:11:02;16SKV267;notFound
2023-03-13 10:11:03;S5132008-S;notFound
2023-03-13 10:11:03;S5132008-S;notFound
2023-03-13 10:11:03;S5132016-S;notFound
2023-03-13 10:11:03;16SKV267;notFound
2023-03-13 10:37:19;22SKV031;notFound
2023-03-13 10:43:30;170408H800;notFound
2023-03-13 10:43:30;VITOA6393370310;notFound
2023-03-13 10:43:30;S5132008-S;notFound
2023-03-13 10:43:30;S5132016-S;notFound
2023-03-13 10:43:30;016-21101727;notFound
2023-03-13 10:43:30;016-20370927;notFound
2023-03-13 10:55:31;BKS-RE-002;notFound
2023-03-13 10:55:31;RM4014EW;notFound
2023-03-13 11:02:35;BKS-RE-002;notFound
2023-03-13 11:02:35;RM4014EW;notFound
2023-03-14 09:20:23;22SKV031;notFound
2023-03-14 09:20:23;170408H800;notFound
2023-03-14 09:20:23;VITOA6393370310;notFound
2023-03-14 09:20:24;S5132008-S;notFound
2023-03-14 09:20:24;S5132016-S;notFound
2023-03-14 09:20:24;016-21101727;notFound
2023-03-14 09:20:24;016-20370927;notFound
2023-03-14 09:20:25;BKS-RE-002;notFound
2023-03-14 09:20:25;RM4014EW;notFound
2023-03-14 09:20:30;BKS-AU-001L;notFound
2023-03-14 09:20:30;BKS-AU-001L;notFound
2023-03-14 09:20:30;BKS-AU-001L;notFound
2023-03-14 09:20:30;BKS-AU-001L;notFound
2023-03-14 09:20:30;BKS-AU-001L;notFound
2023-03-14 09:20:30;BKS-AU-001R;notFound
2023-03-14 09:20:30;BKS-AU-001R;notFound
2023-03-14 09:20:30;BKS-AU-001R;notFound
2023-03-14 09:20:30;BKS-AU-001R;notFound
2023-03-14 09:20:30;BKS-AU-001R;notFound
2023-03-14 09:20:30;BKS-AU-001R;notFound
2023-03-14 09:20:30;22SKV031;notFound
2023-03-14 09:20:31;16SKV267;notFound
2023-03-14 09:20:31;22SKV031;notFound
2023-03-14 09:20:32;016-20370927;notFound
2023-03-14 09:20:32;22SKV031;notFound
2023-03-14 09:20:33;22SKV031;notFound
2023-03-14 09:20:33;S5132016-S;notFound
2023-03-14 09:20:36;16SKV267;notFound
2023-03-14 09:20:36;S5132008-S;notFound
2023-03-14 09:20:37;S5132016-S;notFound
2023-03-14 09:20:37;016-20370927;notFound
2023-03-14 09:20:38;S5132008-S;notFound
2023-03-14 09:20:38;S5132016-S;notFound
2023-03-14 09:20:38;22SKV031;notFound
2023-03-14 09:20:38;S5132008-S;notFound
2023-03-14 09:20:38;S5132016-S;notFound
2023-03-14 09:20:38;22SKV031;notFound
2023-03-14 09:20:38;S5132008-S;notFound
2023-03-14 09:20:38;16SKV267;notFound
2023-03-14 09:20:39;016-20370927;notFound
2023-03-14 09:20:39;016-20370927;notFound
2023-03-14 09:20:39;016-20370927;notFound
2023-03-14 09:20:39;16SKV267;notFound
2023-03-14 09:20:40;S5132008-S;notFound
2023-03-14 09:20:40;22SKV031;notFound
2023-03-14 09:20:40;016-20370927;notFound
2023-03-14 09:20:40;22SKV031;notFound
2023-03-14 09:20:40;16SKV267;notFound
2023-03-14 09:20:40;S5132016-S;notFound
2023-03-14 09:20:40;S5132016-S;notFound
2023-03-14 09:20:40;16SKV267;notFound
2023-03-14 09:20:41;S5132008-S;notFound
2023-03-14 09:20:41;S5132008-S;notFound
2023-03-14 09:20:41;S5132016-S;notFound
2023-03-14 09:20:41;16SKV267;notFound
2023-03-14 09:20:41;NPW-ME-038B;notFound
2023-03-15 10:12:44;22SKV031;notFound
2023-03-15 10:12:44;170408H800;notFound
2023-03-15 10:12:44;VITOA6393370310;notFound
2023-03-15 10:12:44;S5132008-S;notFound
2023-03-15 10:12:44;S5132016-S;notFound
2023-03-15 10:12:44;016-21101727;notFound
2023-03-15 10:12:44;016-20370927;notFound
2023-03-15 10:12:45;BKS-RE-002;notFound
2023-03-15 10:12:45;RM4014EW;notFound
2023-03-15 10:12:50;BKS-AU-001L;notFound
2023-03-15 10:12:50;BKS-AU-001L;notFound
2023-03-15 10:12:50;BKS-AU-001L;notFound
2023-03-15 10:12:50;BKS-AU-001L;notFound
2023-03-15 10:12:50;BKS-AU-001L;notFound
2023-03-15 10:12:50;BKS-AU-001R;notFound
2023-03-15 10:12:50;BKS-AU-001R;notFound
2023-03-15 10:12:50;BKS-AU-001R;notFound
2023-03-15 10:12:50;BKS-AU-001R;notFound
2023-03-15 10:12:50;BKS-AU-001R;notFound
2023-03-15 10:12:50;BKS-AU-001R;notFound
2023-03-15 10:12:50;22SKV031;notFound
2023-03-15 10:12:51;16SKV267;notFound
2023-03-15 10:12:51;22SKV031;notFound
2023-03-15 10:12:52;016-20370927;notFound
2023-03-15 10:12:53;22SKV031;notFound
2023-03-15 10:12:53;22SKV031;notFound
2023-03-15 10:12:54;S5132016-S;notFound
2023-03-15 10:12:56;16SKV267;notFound
2023-03-15 10:12:57;S5132008-S;notFound
2023-03-15 10:12:57;S5132016-S;notFound
2023-03-15 10:12:58;016-20370927;notFound
2023-03-15 10:12:58;S5132008-S;notFound
2023-03-15 10:12:58;S5132016-S;notFound
2023-03-15 10:12:58;22SKV031;notFound
2023-03-15 10:12:59;S5132008-S;notFound
2023-03-15 10:12:59;S5132016-S;notFound
2023-03-15 10:12:59;22SKV031;notFound
2023-03-15 10:12:59;S5132008-S;notFound
2023-03-15 10:12:59;16SKV267;notFound
2023-03-15 10:12:59;016-20370927;notFound
2023-03-15 10:12:59;016-20370927;notFound
2023-03-15 10:13:00;016-20370927;notFound
2023-03-15 10:13:00;16SKV267;notFound
2023-03-15 10:13:00;S5132008-S;notFound
2023-03-15 10:13:01;22SKV031;notFound
2023-03-15 10:13:01;016-20370927;notFound
2023-03-15 10:13:01;22SKV031;notFound
2023-03-15 10:13:01;16SKV267;notFound
2023-03-15 10:13:01;S5132016-S;notFound
2023-03-15 10:13:01;S5132016-S;notFound
2023-03-15 10:13:01;16SKV267;notFound
2023-03-15 10:13:01;S5132008-S;notFound
2023-03-15 10:13:01;S5132008-S;notFound
2023-03-15 10:13:01;S5132016-S;notFound
2023-03-15 10:13:02;16SKV267;notFound
2023-03-15 10:13:02;NPW-ME-038B;notFound
2023-03-15 10:45:45;22SKV031;notFound
2023-03-15 10:45:45;170408H800;notFound
2023-03-15 10:45:45;VITOA6393370310;notFound
2023-03-15 10:45:45;S5132008-S;notFound
2023-03-15 10:45:45;S5132016-S;notFound
2023-03-15 10:45:45;016-21101727;notFound
2023-03-15 10:45:45;016-20370927;notFound
2023-03-15 10:45:46;BKS-RE-002;notFound
2023-03-15 10:45:46;RM4014EW;notFound
2023-03-15 10:45:51;BKS-AU-001L;notFound
2023-03-15 10:45:51;BKS-AU-001L;notFound
2023-03-15 10:45:51;BKS-AU-001L;notFound
2023-03-15 10:45:51;BKS-AU-001L;notFound
2023-03-15 10:45:51;BKS-AU-001L;notFound
2023-03-15 10:45:51;BKS-AU-001R;notFound
2023-03-15 10:45:51;BKS-AU-001R;notFound
2023-03-15 10:45:51;BKS-AU-001R;notFound
2023-03-15 10:45:51;BKS-AU-001R;notFound
2023-03-15 10:45:51;BKS-AU-001R;notFound
2023-03-15 10:45:51;BKS-AU-001R;notFound
2023-03-15 10:45:51;22SKV031;notFound
2023-03-15 10:45:52;16SKV267;notFound
2023-03-15 10:45:52;22SKV031;notFound
2023-03-15 10:45:53;016-20370927;notFound
2023-03-15 10:45:53;22SKV031;notFound
2023-03-15 10:45:54;22SKV031;notFound
2023-03-15 10:45:54;S5132016-S;notFound
2023-03-15 10:45:57;16SKV267;notFound
2023-03-15 10:45:57;S5132008-S;notFound
2023-03-15 10:45:58;S5132016-S;notFound
2023-03-15 10:45:58;016-20370927;notFound
2023-03-15 10:45:59;S5132008-S;notFound
2023-03-15 10:45:59;S5132016-S;notFound
2023-03-15 10:45:59;22SKV031;notFound
2023-03-15 10:45:59;S5132008-S;notFound
2023-03-15 10:45:59;S5132016-S;notFound
2023-03-15 10:45:59;22SKV031;notFound
2023-03-15 10:45:59;S5132008-S;notFound
2023-03-15 10:45:59;16SKV267;notFound
2023-03-15 10:46:00;016-20370927;notFound
2023-03-15 10:46:00;016-20370927;notFound
2023-03-15 10:46:00;016-20370927;notFound
2023-03-15 10:46:01;16SKV267;notFound
2023-03-15 10:46:01;S5132008-S;notFound
2023-03-15 10:46:01;22SKV031;notFound
2023-03-15 10:46:01;016-20370927;notFound
2023-03-15 10:46:01;22SKV031;notFound
2023-03-15 10:46:01;16SKV267;notFound
2023-03-15 10:46:01;S5132016-S;notFound
2023-03-15 10:46:01;S5132016-S;notFound
2023-03-15 10:46:01;16SKV267;notFound
2023-03-15 10:46:02;S5132008-S;notFound
2023-03-15 10:46:02;S5132008-S;notFound
2023-03-15 10:46:02;S5132016-S;notFound
2023-03-15 10:46:02;16SKV267;notFound
2023-03-15 10:46:02;NPW-ME-038B;notFound
2023-03-15 10:56:17;22SKV031;notFound
2023-03-15 11:02:30;22SKV031;notFound
2023-03-15 11:37:39;22SKV031;notFound
2023-03-15 11:53:03;22SKV031;notFound
2023-03-15 11:53:03;170408H800;notFound
2023-03-15 11:53:03;VITOA6393370310;notFound
2023-03-15 11:53:04;S5132008-S;notFound
2023-03-15 11:53:04;S5132016-S;notFound
2023-03-15 11:53:04;016-21101727;notFound
2023-03-15 11:53:04;016-20370927;notFound
2023-03-15 11:53:05;BKS-RE-002;notFound
2023-03-15 11:53:05;RM4014EW;notFound
2023-03-15 11:53:10;BKS-AU-001L;notFound
2023-03-15 11:53:10;BKS-AU-001L;notFound
2023-03-15 11:53:10;BKS-AU-001L;notFound
2023-03-15 11:53:10;BKS-AU-001L;notFound
2023-03-15 11:53:10;BKS-AU-001L;notFound
2023-03-15 11:53:10;BKS-AU-001R;notFound
2023-03-15 11:53:10;BKS-AU-001R;notFound
2023-03-15 11:53:10;BKS-AU-001R;notFound
2023-03-15 11:53:10;BKS-AU-001R;notFound
2023-03-15 11:53:10;BKS-AU-001R;notFound
2023-03-15 11:53:10;BKS-AU-001R;notFound
2023-03-15 11:53:10;22SKV031;notFound
2023-03-15 11:53:10;16SKV267;notFound
2023-03-15 11:53:10;22SKV031;notFound
2023-03-15 11:53:12;016-20370927;notFound
2023-03-15 11:53:12;22SKV031;notFound
2023-03-15 11:53:12;22SKV031;notFound
2023-03-15 11:53:13;S5132016-S;notFound
2023-03-15 11:53:16;16SKV267;notFound
2023-03-15 11:53:16;S5132008-S;notFound
2023-03-15 11:53:17;S5132016-S;notFound
2023-03-15 11:53:17;016-20370927;notFound
2023-03-15 11:53:17;S5132008-S;notFound
2023-03-15 11:53:18;S5132016-S;notFound
2023-03-15 11:53:18;22SKV031;notFound
2023-03-15 11:53:18;S5132008-S;notFound
2023-03-15 11:53:18;S5132016-S;notFound
2023-03-15 11:53:18;22SKV031;notFound
2023-03-15 11:53:18;S5132008-S;notFound
2023-03-15 11:53:18;16SKV267;notFound
2023-03-15 11:53:19;016-20370927;notFound
2023-03-15 11:53:19;016-20370927;notFound
2023-03-15 11:53:19;016-20370927;notFound
2023-03-15 11:53:19;16SKV267;notFound
2023-03-15 11:53:20;S5132008-S;notFound
2023-03-15 11:53:20;22SKV031;notFound
2023-03-15 11:53:20;016-20370927;notFound
2023-03-15 11:53:20;22SKV031;notFound
2023-03-15 11:53:20;16SKV267;notFound
2023-03-15 11:53:20;S5132016-S;notFound
2023-03-15 11:53:20;S5132016-S;notFound
2023-03-15 11:53:20;16SKV267;notFound
2023-03-15 11:53:21;S5132008-S;notFound
2023-03-15 11:53:21;S5132008-S;notFound
2023-03-15 11:53:21;S5132016-S;notFound
2023-03-15 11:53:21;16SKV267;notFound
2023-03-15 11:53:21;NPW-ME-038B;notFound
2023-03-15 12:11:44;22SKV031;notFound
2023-03-15 12:11:44;170408H800;notFound
2023-03-15 12:11:44;VITOA6393370310;notFound
2023-03-15 12:11:44;S5132008-S;notFound
2023-03-15 12:11:44;S5132016-S;notFound
2023-03-15 12:11:44;016-21101727;notFound
2023-03-15 12:11:44;016-20370927;notFound
2023-03-15 12:11:45;BKS-RE-002;notFound
2023-03-15 12:11:45;RM4014EW;notFound
2023-03-15 12:11:50;BKS-AU-001L;notFound
2023-03-15 12:11:50;BKS-AU-001L;notFound
2023-03-15 12:11:50;BKS-AU-001L;notFound
2023-03-15 12:11:50;BKS-AU-001L;notFound
2023-03-15 12:11:50;BKS-AU-001L;notFound
2023-03-15 12:11:50;BKS-AU-001R;notFound
2023-03-15 12:11:50;BKS-AU-001R;notFound
2023-03-15 12:11:50;BKS-AU-001R;notFound
2023-03-15 12:11:50;BKS-AU-001R;notFound
2023-03-15 12:11:50;BKS-AU-001R;notFound
2023-03-15 12:11:50;BKS-AU-001R;notFound
2023-03-15 12:11:50;22SKV031;notFound
2023-03-15 12:11:51;16SKV267;notFound
2023-03-15 12:11:51;22SKV031;notFound
2023-03-15 12:11:52;016-20370927;notFound
2023-03-15 12:11:53;22SKV031;notFound
2023-03-15 12:11:53;22SKV031;notFound
2023-03-15 12:11:53;S5132016-S;notFound
2023-03-15 12:11:56;16SKV267;notFound
2023-03-15 12:11:57;S5132008-S;notFound
2023-03-15 12:11:57;S5132016-S;notFound
2023-03-15 12:11:58;016-20370927;notFound
2023-03-15 12:11:58;S5132008-S;notFound
2023-03-15 12:11:58;S5132016-S;notFound
2023-03-15 12:11:58;22SKV031;notFound
2023-03-15 12:11:58;S5132008-S;notFound
2023-03-15 12:11:58;S5132016-S;notFound
2023-03-15 12:11:59;22SKV031;notFound
2023-03-15 12:11:59;S5132008-S;notFound
2023-03-15 12:11:59;16SKV267;notFound
2023-03-15 12:11:59;016-20370927;notFound
2023-03-15 12:11:59;016-20370927;notFound
2023-03-15 12:12:00;016-20370927;notFound
2023-03-15 12:12:00;16SKV267;notFound
2023-03-15 12:12:00;S5132008-S;notFound
2023-03-15 12:12:00;22SKV031;notFound
2023-03-15 12:12:01;016-20370927;notFound
2023-03-15 12:12:01;22SKV031;notFound
2023-03-15 12:12:01;16SKV267;notFound
2023-03-15 12:12:01;S5132016-S;notFound
2023-03-15 12:12:01;S5132016-S;notFound
2023-03-15 12:12:01;16SKV267;notFound
2023-03-15 12:12:01;S5132008-S;notFound
2023-03-15 12:12:01;S5132008-S;notFound
2023-03-15 12:12:01;S5132016-S;notFound
2023-03-15 12:12:02;16SKV267;notFound
2023-03-15 12:12:02;NPW-ME-038B;notFound
2023-03-15 12:59:05;22SKV031;notFound
2023-03-15 12:59:05;170408H800;notFound
2023-03-15 12:59:05;VITOA6393370310;notFound
2023-03-15 12:59:06;S5132008-S;notFound
2023-03-15 12:59:06;S5132016-S;notFound
2023-03-15 12:59:06;016-21101727;notFound
2023-03-15 12:59:06;016-20370927;notFound
2023-03-15 12:59:07;BKS-RE-002;notFound
2023-03-15 12:59:07;RM4014EW;notFound
2023-03-15 12:59:11;BKS-AU-001L;notFound
2023-03-15 12:59:11;BKS-AU-001L;notFound
2023-03-15 12:59:11;BKS-AU-001L;notFound
2023-03-15 12:59:11;BKS-AU-001L;notFound
2023-03-15 12:59:11;BKS-AU-001L;notFound
2023-03-15 12:59:11;BKS-AU-001R;notFound
2023-03-15 12:59:11;BKS-AU-001R;notFound
2023-03-15 12:59:11;BKS-AU-001R;notFound
2023-03-15 12:59:11;BKS-AU-001R;notFound
2023-03-15 12:59:11;BKS-AU-001R;notFound
2023-03-15 12:59:11;BKS-AU-001R;notFound
2023-03-15 12:59:12;22SKV031;notFound
2023-03-15 12:59:12;16SKV267;notFound
2023-03-15 12:59:12;22SKV031;notFound
2023-03-15 12:59:13;016-20370927;notFound
2023-03-15 12:59:14;22SKV031;notFound
2023-03-15 12:59:14;22SKV031;notFound
2023-03-15 12:59:14;S5132016-S;notFound
2023-03-15 12:59:17;16SKV267;notFound
2023-03-15 12:59:17;S5132008-S;notFound
2023-03-15 12:59:18;S5132016-S;notFound
2023-03-15 12:59:18;016-20370927;notFound
2023-03-15 12:59:19;S5132008-S;notFound
2023-03-15 12:59:19;S5132016-S;notFound
2023-03-15 12:59:19;22SKV031;notFound
2023-03-15 12:59:19;S5132008-S;notFound
2023-03-15 12:59:19;S5132016-S;notFound
2023-03-15 12:59:19;22SKV031;notFound
2023-03-15 12:59:19;S5132008-S;notFound
2023-03-15 12:59:19;16SKV267;notFound
2023-03-15 12:59:20;016-20370927;notFound
2023-03-15 12:59:20;016-20370927;notFound
2023-03-15 12:59:20;016-20370927;notFound
2023-03-15 12:59:20;16SKV267;notFound
2023-03-15 12:59:21;S5132008-S;notFound
2023-03-15 12:59:21;22SKV031;notFound
2023-03-15 12:59:21;016-20370927;notFound
2023-03-15 12:59:21;22SKV031;notFound
2023-03-15 12:59:21;16SKV267;notFound
2023-03-15 12:59:21;S5132016-S;notFound
2023-03-15 12:59:21;S5132016-S;notFound
2023-03-15 12:59:21;16SKV267;notFound
2023-03-15 12:59:22;S5132008-S;notFound
2023-03-15 12:59:22;S5132008-S;notFound
2023-03-15 12:59:22;S5132016-S;notFound
2023-03-15 12:59:22;16SKV267;notFound
2023-03-15 12:59:22;NPW-ME-038B;notFound
2023-03-15 13:24:13;22SKV031;notFound
2023-03-15 13:25:22;22SKV031;notFound
2023-03-15 13:26:06;22SKV031;notFound
2023-03-15 15:17:04;BKS-AU-001L;notFound
2023-03-15 15:17:04;BKS-AU-001L;notFound
2023-03-15 15:17:04;BKS-AU-001L;notFound
2023-03-15 15:17:04;BKS-AU-001L;notFound
2023-03-15 15:17:04;BKS-AU-001L;notFound
2023-03-15 15:17:04;BKS-AU-001R;notFound
2023-03-15 15:17:04;BKS-AU-001R;notFound
2023-03-15 15:17:04;BKS-AU-001R;notFound
2023-03-15 15:17:04;BKS-AU-001R;notFound
2023-03-15 15:17:04;BKS-AU-001R;notFound
2023-03-15 15:17:04;BKS-AU-001R;notFound
2023-03-15 15:17:04;22SKV031;notFound
2023-03-15 15:17:05;S5132008-S;notFound
2023-03-15 15:17:05;S5132016-S;notFound
2023-03-15 15:17:05;016-21101727;notFound
2023-03-15 15:17:05;016-20370927;notFound
2023-03-15 15:17:06;16SKV267;notFound
2023-03-15 15:17:06;22SKV031;notFound
2023-03-15 15:17:06;BKS-RE-002;notFound
2023-03-15 15:17:06;170408H800;notFound
2023-03-15 15:17:06;RM4014EW;notFound
2023-03-15 15:17:09;VITOA6393370310;notFound
2023-03-15 15:17:09;016-20370927;notFound
2023-03-15 15:17:10;22SKV031;notFound
2023-03-15 15:17:10;S5132016-S;notFound
2023-03-15 15:17:13;16SKV267;notFound
2023-03-15 15:17:13;S5132008-S;notFound
2023-03-15 15:17:13;S5132016-S;notFound
2023-03-15 15:17:14;016-20370927;notFound
2023-03-15 15:17:14;22SKV031;notFound
2023-03-15 15:17:14;S5132008-S;notFound
2023-03-15 15:17:14;S5132016-S;notFound
2023-03-15 15:17:15;22SKV031;notFound
2023-03-15 15:17:15;S5132008-S;notFound
2023-03-15 15:17:15;16SKV267;notFound
2023-03-15 15:17:15;016-20370927;notFound
2023-03-15 15:17:16;016-20370927;notFound
2023-03-15 15:17:16;16SKV267;notFound
2023-03-15 15:17:16;S5132008-S;notFound
2023-03-15 15:17:16;22SKV031;notFound
2023-03-15 15:17:16;016-20370927;notFound
2023-03-15 15:17:16;22SKV031;notFound
2023-03-15 15:17:16;S5132016-S;notFound
2023-03-15 15:17:16;S5132016-S;notFound
2023-03-15 15:17:16;16SKV267;notFound
2023-03-15 15:17:17;S5132008-S;notFound
2023-03-15 15:17:17;S5132008-S;notFound
2023-03-15 15:17:17;S5132016-S;notFound
2023-03-15 15:17:17;16SKV267;notFound
2023-03-15 15:17:18;NPW-ME-038B;notFound
2023-03-15 16:33:51;BKS-AU-001L;notFound
2023-03-15 16:33:51;BKS-AU-001L;notFound
2023-03-15 16:33:51;BKS-AU-001L;notFound
2023-03-15 16:33:51;BKS-AU-001L;notFound
2023-03-15 16:33:51;BKS-AU-001L;notFound
2023-03-15 16:33:51;BKS-AU-001R;notFound
2023-03-15 16:33:51;BKS-AU-001R;notFound
2023-03-15 16:33:51;BKS-AU-001R;notFound
2023-03-15 16:33:51;BKS-AU-001R;notFound
2023-03-15 16:33:51;BKS-AU-001R;notFound
2023-03-15 16:33:51;BKS-AU-001R;notFound
2023-03-15 16:33:52;22SKV031;notFound
2023-03-15 16:33:52;S5132008-S;notFound
2023-03-15 16:33:52;S5132016-S;notFound
2023-03-15 16:33:52;016-21101727;notFound
2023-03-15 16:33:52;016-20370927;notFound
2023-03-15 16:33:53;16SKV267;notFound
2023-03-15 16:33:53;22SKV031;notFound
2023-03-15 16:33:54;BKS-RE-002;notFound
2023-03-15 16:33:54;170408H800;notFound
2023-03-15 16:33:54;RM4014EW;notFound
2023-03-15 16:33:56;VITOA6393370310;notFound
2023-03-15 16:33:57;016-20370927;notFound
2023-03-15 16:33:57;22SKV031;notFound
2023-03-15 16:33:58;S5132016-S;notFound
2023-03-15 16:34:00;16SKV267;notFound
2023-03-15 16:34:00;S5132008-S;notFound
2023-03-15 16:34:01;S5132016-S;notFound
2023-03-15 16:34:01;016-20370927;notFound
2023-03-15 16:34:02;22SKV031;notFound
2023-03-15 16:34:02;S5132008-S;notFound
2023-03-15 16:34:02;S5132016-S;notFound
2023-03-15 16:34:02;22SKV031;notFound
2023-03-15 16:34:02;S5132008-S;notFound
2023-03-15 16:34:02;16SKV267;notFound
2023-03-15 16:34:02;016-20370927;notFound
2023-03-15 16:34:03;016-20370927;notFound
2023-03-15 16:34:03;16SKV267;notFound
2023-03-15 16:34:03;S5132008-S;notFound
2023-03-15 16:34:03;22SKV031;notFound
2023-03-15 16:34:03;016-20370927;notFound
2023-03-15 16:34:03;22SKV031;notFound
2023-03-15 16:34:04;S5132016-S;notFound
2023-03-15 16:34:04;S5132016-S;notFound
2023-03-15 16:34:04;16SKV267;notFound
2023-03-15 16:34:04;S5132008-S;notFound
2023-03-15 16:34:04;S5132008-S;notFound
2023-03-15 16:34:04;S5132016-S;notFound
2023-03-15 16:34:04;16SKV267;notFound
2023-03-15 16:34:05;NPW-ME-038B;notFound
2023-03-16 09:16:16;BKS-AU-001L;notFound
2023-03-16 09:16:16;BKS-AU-001L;notFound
2023-03-16 09:16:16;BKS-AU-001L;notFound
2023-03-16 09:16:16;BKS-AU-001L;notFound
2023-03-16 09:16:16;BKS-AU-001L;notFound
2023-03-16 09:16:16;BKS-AU-001R;notFound
2023-03-16 09:16:16;BKS-AU-001R;notFound
2023-03-16 09:16:16;BKS-AU-001R;notFound
2023-03-16 09:16:16;BKS-AU-001R;notFound
2023-03-16 09:16:16;BKS-AU-001R;notFound
2023-03-16 09:16:16;BKS-AU-001R;notFound
2023-03-16 09:16:16;22SKV031;notFound
2023-03-16 09:16:17;S5132008-S;notFound
2023-03-16 09:16:17;S5132016-S;notFound
2023-03-16 09:16:17;016-21101727;notFound
2023-03-16 09:16:17;016-20370927;notFound
2023-03-16 09:16:18;16SKV267;notFound
2023-03-16 09:16:18;22SKV031;notFound
2023-03-16 09:16:18;BKS-RE-002;notFound
2023-03-16 09:16:18;170408H800;notFound
2023-03-16 09:16:18;RM4014EW;notFound
2023-03-16 09:16:21;VITOA6393370310;notFound
2023-03-16 09:16:21;016-20370927;notFound
2023-03-16 09:16:22;22SKV031;notFound
2023-03-16 09:16:22;S5132016-S;notFound
2023-03-16 09:16:24;16SKV267;notFound
2023-03-16 09:16:25;S5132008-S;notFound
2023-03-16 09:16:25;S5132016-S;notFound
2023-03-16 09:16:26;016-20370927;notFound
2023-03-16 09:16:26;22SKV031;notFound
2023-03-16 09:16:26;S5132008-S;notFound
2023-03-16 09:16:26;S5132016-S;notFound
2023-03-16 09:16:26;22SKV031;notFound
2023-03-16 09:16:26;S5132008-S;notFound
2023-03-16 09:16:26;16SKV267;notFound
2023-03-16 09:16:27;016-20370927;notFound
2023-03-16 09:16:27;016-20370927;notFound
2023-03-16 09:16:27;16SKV267;notFound
2023-03-16 09:16:28;S5132008-S;notFound
2023-03-16 09:16:28;22SKV031;notFound
2023-03-16 09:16:28;016-20370927;notFound
2023-03-16 09:16:28;22SKV031;notFound
2023-03-16 09:16:28;S5132016-S;notFound
2023-03-16 09:16:28;S5132016-S;notFound
2023-03-16 09:16:28;16SKV267;notFound
2023-03-16 09:16:28;S5132008-S;notFound
2023-03-16 09:16:28;S5132008-S;notFound
2023-03-16 09:16:28;S5132016-S;notFound
2023-03-16 09:16:29;16SKV267;notFound
2023-03-16 09:16:30;NPW-ME-038B;notFound
2023-03-16 09:16:31;NPW-BM-179A;notFound
2023-03-16 09:19:12;BKS-AU-001L;notFound
2023-03-16 09:19:12;BKS-AU-001L;notFound
2023-03-16 09:19:12;BKS-AU-001L;notFound
2023-03-16 09:19:12;BKS-AU-001L;notFound
2023-03-16 09:19:12;BKS-AU-001L;notFound
2023-03-16 09:19:12;BKS-AU-001R;notFound
2023-03-16 09:19:12;BKS-AU-001R;notFound
2023-03-16 09:19:12;BKS-AU-001R;notFound
2023-03-16 09:19:12;BKS-AU-001R;notFound
2023-03-16 09:19:12;BKS-AU-001R;notFound
2023-03-16 09:19:12;BKS-AU-001R;notFound
2023-03-16 09:19:13;22SKV031;notFound
2023-03-16 09:19:13;S5132008-S;notFound
2023-03-16 09:19:13;S5132016-S;notFound
2023-03-16 09:19:13;016-21101727;notFound
2023-03-16 09:19:13;016-20370927;notFound
2023-03-16 09:19:15;16SKV267;notFound
2023-03-16 09:19:15;22SKV031;notFound
2023-03-16 09:19:15;BKS-RE-002;notFound
2023-03-16 09:19:15;170408H800;notFound
2023-03-16 09:19:15;RM4014EW;notFound
2023-03-16 09:19:18;VITOA6393370310;notFound
2023-03-16 09:19:19;016-20370927;notFound
2023-03-16 09:19:19;22SKV031;notFound
2023-03-16 09:19:20;S5132016-S;notFound
2023-03-16 09:19:22;16SKV267;notFound
2023-03-16 09:19:23;S5132008-S;notFound
2023-03-16 09:19:23;S5132016-S;notFound
2023-03-16 09:19:24;016-20370927;notFound
2023-03-16 09:19:24;22SKV031;notFound
2023-03-16 09:19:24;S5132008-S;notFound
2023-03-16 09:19:25;S5132016-S;notFound
2023-03-16 09:19:25;22SKV031;notFound
2023-03-16 09:19:25;S5132008-S;notFound
2023-03-16 09:19:25;16SKV267;notFound
2023-03-16 09:19:25;016-20370927;notFound
2023-03-16 09:19:26;016-20370927;notFound
2023-03-16 09:19:26;16SKV267;notFound
2023-03-16 09:19:26;S5132008-S;notFound
2023-03-16 09:19:26;22SKV031;notFound
2023-03-16 09:19:26;016-20370927;notFound
2023-03-16 09:19:26;22SKV031;notFound
2023-03-16 09:19:27;S5132016-S;notFound
2023-03-16 09:19:27;S5132016-S;notFound
2023-03-16 09:19:27;16SKV267;notFound
2023-03-16 09:19:27;S5132008-S;notFound
2023-03-16 09:19:27;S5132008-S;notFound
2023-03-16 09:19:27;S5132016-S;notFound
2023-03-16 09:19:28;16SKV267;notFound
2023-03-16 09:19:29;NPW-ME-038B;notFound
2023-03-16 09:19:30;NPW-BM-179A;notFound
2023-03-16 10:32:17;BKS-AU-001L;notFound
2023-03-16 10:32:17;BKS-AU-001L;notFound
2023-03-16 10:32:17;BKS-AU-001L;notFound
2023-03-16 10:32:17;BKS-AU-001L;notFound
2023-03-16 10:32:17;BKS-AU-001L;notFound
2023-03-16 10:32:17;BKS-AU-001R;notFound
2023-03-16 10:32:17;BKS-AU-001R;notFound
2023-03-16 10:32:17;BKS-AU-001R;notFound
2023-03-16 10:32:17;BKS-AU-001R;notFound
2023-03-16 10:32:17;BKS-AU-001R;notFound
2023-03-16 10:32:17;BKS-AU-001R;notFound
2023-03-16 10:32:17;22SKV031;notFound
2023-03-16 10:32:18;S5132008-S;notFound
2023-03-16 10:32:18;S5132016-S;notFound
2023-03-16 10:32:18;016-21101727;notFound
2023-03-16 10:32:18;016-20370927;notFound
2023-03-16 10:32:19;16SKV267;notFound
2023-03-16 10:32:19;22SKV031;notFound
2023-03-16 10:32:19;BKS-RE-002;notFound
2023-03-16 10:32:19;170408H800;notFound
2023-03-16 10:32:19;RM4014EW;notFound
2023-03-16 10:32:22;VITOA6393370310;notFound
2023-03-16 10:32:23;016-20370927;notFound
2023-03-16 10:32:23;22SKV031;notFound
2023-03-16 10:32:23;S5132016-S;notFound
2023-03-16 10:32:26;16SKV267;notFound
2023-03-16 10:32:26;S5132008-S;notFound
2023-03-16 10:32:27;S5132016-S;notFound
2023-03-16 10:32:27;016-20370927;notFound
2023-03-16 10:32:28;22SKV031;notFound
2023-03-16 10:32:28;S5132008-S;notFound
2023-03-16 10:32:28;S5132016-S;notFound
2023-03-16 10:32:28;22SKV031;notFound
2023-03-16 10:32:28;S5132008-S;notFound
2023-03-16 10:32:28;16SKV267;notFound
2023-03-16 10:32:28;016-20370927;notFound
2023-03-16 10:32:29;016-20370927;notFound
2023-03-16 10:32:29;16SKV267;notFound
2023-03-16 10:32:29;S5132008-S;notFound
2023-03-16 10:32:30;22SKV031;notFound
2023-03-16 10:32:30;016-20370927;notFound
2023-03-16 10:32:30;22SKV031;notFound
2023-03-16 10:32:30;S5132016-S;notFound
2023-03-16 10:32:30;S5132016-S;notFound
2023-03-16 10:32:30;16SKV267;notFound
2023-03-16 10:32:30;S5132008-S;notFound
2023-03-16 10:32:30;S5132008-S;notFound
2023-03-16 10:32:30;S5132016-S;notFound
2023-03-16 10:32:31;16SKV267;notFound
2023-03-16 10:32:32;NPW-ME-038B;notFound
2023-03-16 10:32:33;NPW-BM-179A;notFound